CL3Contig54	595	302.4	179934	GGGTTA
CL125Contig3	196	191.8	37601	CACGAAGTCACAGTCCGAGGGTCAAGAAGCCAGAAA
CL63Contig6	377	130.4	49146	ACTCGAGTGAATCTATGTGGCCG
CL489Contig1	241	73.6	17739	GACTCGAGATGTCCATGTGGCC
CL489Contig1	241	73.6	17739	GACTCGAGATGCGCATGTGGCC
CL39Contig10	253	67.6	17091	ATGATTCCATTCGAGTCCATTCGATG
CL39Contig10	253	67.6	17091	ATGATTCCATTCGATTCCATTTGATGATGATTCCATTCGAGTCCATTCG
CL39Contig7	334	54.4	18173	CCATTCGATTCCATTAGATGATT
CL39Contig7	334	54.4	18173	CCATTCGATTCCATTCGATGATGATTCCATTCGATTCCATTCGATGATT
CL627Contig1	289	52.5	15162	TCGAGTCGGCCACATAAACCGAC
CL965Contig1	228	51.4	11724	ACTCGAGGTATGGATGTGGCCG
CL781Contig3	251	48.4	12158	ACTCGAGGTAACATATGTGGCCG
CL75Contig6	435	47.0	20444	ACTCGAGATGACTATGTGCCG
CL7Contig89	150	44.7	6707	CTCGAGGTTGAAAATGTGGCCG
CL1028Contig1	272	40.6	11053	GAGGAAGGCAGGAAAAT
CL721Contig1	359	40.6	14574	ACTCGAGACTGAAATGTCCCG
CL720Contig3	257	39.8	10239	ACTCGACCTACTAAGGTTTACATAGGGTTT
CL1480Contig1	220	36.8	8100	GACTCGAGGGTAAGATGTGGCC
CL1483Contig1	151	50.7	7662	CCAGGCCAATACTACAGGATTTTACCTATATCATCAATAT
CL1483Contig1	151	50.7	7662	CCAGGCAAATACTACAGGATTTTACCATATCATCAATATCCAGGCCAATACTACAGGATTTTACCGTATCATCATCAATAT
CL1649Contig1	203	35.4	7182	AAG
CL1649Contig1	203	35.4	7182	AGAAGAAGAAGAAG
CL7Contig214	157	54.4	8548	CCTCGAGTCGGCCACATACAA
CL8Contig23	149	77.9	11601	GGGTAGAGGGCCACAGAGGTAGGAAAG
CL897Contig2	255	43.8	11157	AGA
CL39Contig6	401	37.0	14848	GAATGGAATCATCAAATGGAATCGAATGGAATCATCGAATGGAATC
CL1Contig20	378	244.5	92431	CAGGTCGAAATGCATAGAAAACACACCAGCAAGTTCCATCGTGTTTCTCTCCCAAGTTAGGTGTACTTAGCTGTTAATGCAAAATCGCGCAAATGAGCCAAATTGAACGTTACAAAAGCCAAGTACGTCCGAAATAGCTTCTTT
CL39Contig2	153	128.3	19635	ATGACGATTCCATTCGATTCCATTTGATGATGATTCCTTTGAATTCCATTTG
CL39Contig2	153	128.3	19635	ATGATGATTCCATTCGATTCCATTTG
CL7Contig16	128	39.1	5002	GCCACATAAAAAACTCGAGTC
CL7Contig271	159	43.8	6957	CTCGAGTCGGCCACATACCAAC
CL2600Contig1	79	37.4	2955	AGAT
CL39Contig6	401	37.0	14848	AATCATCAAATGGAATCGAATGGAATCATCATCGAATGGAATAGAATGGAATCATCGAATGGAATCGATGG
CL39Contig6	401	37.0	14848	ATCATCGAATGGAATCGAATGGAATC
CL75Contig6	435	47.0	20444	TATGTGCCGACTCGAGATGACC
CL781Contig3	251	48.4	12158	ATGTGGCCGACTCGAGGAGGCAC
CL31Contig37	343	93.1	31917	CTGCCTGGTGTTTTTACATGAGTAGAATGTGTCCTTTTATTTAAAATGCATCTCTGGGTTATTTGTGGGGC
CL249Contig1	374	75.9	28404	CCGACTCGAGATCTGGGATGT
CL3Contig56	192	52.0	9993	GGGTTA
CL14Contig1	268	1205.2	323007	GGTGGCGGCTCTGAG
CL203Contig1	259	127.9	33135	ATTCC
CL203Contig1	259	127.9	33135	ATTCCATTTCATTCCATTCCATTCATTCCACTTTTATTGGTTCCATTCCATTGCATTGC
CL3Contig3	362	91.6	33144	TCTGTTTCCAACACCAAACCTCTCAGGGAAGAATTTGCAACAATTTGGCACCATTTTTGAGAGAATTGGATAACGTAAGATTTTTGATGAAATTGTGAAATTTAAAAAAAGAAATTTTTACTGCACGTAGCAGTCGCCAAAGGCCTGATTTTCCCGCATAAGATAAAAACACG
CL14Contig1	268	1205.2	323007	GGCGGTTCTGAGGGTGGCGGCTCTGAGGGA
CL1Contig21	378	1888.3	713763	TGGTGTGTTTTCTATGCATTTCGACCTGAAAGAAGCTAGTTCGGACGTACTTGGCTTTTGTAACGTTCAATTTGACTCATTTACGCGATTTGGCATTAACAGCTCAACTACACCTAACTTTGCAAATGAACACGATGGGAACTTGC
CL8Contig4	179	54.6	9770	CCTCTACCCTTTCCTACCTCTAGGTC
CL39Contig10	253	67.6	17091	TGATGATTTCATTCGAGTCCATT
CL203Contig1	259	127.9	33135	CATTCCATTTCATTCCATTCCATTCCACTTTTATTGGTTCCATTCCATTGCATTG
CL39Contig10	253	67.6	17091	GATGATTCCATTCGAATCCATTTGATGATTCCATTTGATTACATTCGATGATGATTCCATTCGAGTCCATTC
CL8Contig4	179	54.6	9770	TCTACCCTTTTCCTACCTCTAGTCCT
CL8Contig29	281	38.8	10910	GCCCATGTACCCCTTTCCTACCTCTGAGGTCCCTCTACTCCTTTTCTACCTCTGT
CL8Contig29	281	38.8	10910	CCCATGTACCCCTTTCCTACCTCTGT
CL232Contig1	276	111.7	30817	TGTGTATGTGTC
CL8Contig22	264	87.4	23065	TGTGGCCCTCTACCCCTTTCCTACCTC
CL21Contig9	200	121.2	24235	TCTATGAT
CL133Contig1	168	83.0	13946	AAGAAAAAGGAAAGAA
CL532Contig1	259	66.3	17168	TATACACACACACA
CL9Contig30	196	104.5	20486	GAA
CL8Contig29	281	38.8	10910	CCTTTTCTACCTCTGAGGTCCCTCTACT
CL39Contig11	172	107.1	18422	TCGAATGGAATCATCATCAAATGGAA
CL39Contig12	355	101.9	36185	TGGAATCATCTAATGGACTCGAATGGAATCATCATTGAATGGAATCGAA
CL3Contig55	392	197.2	77309	CTAACC
CL8Contig22	264	87.4	23065	TACCCCTTTCCTACCTCTGTGGCACCTCTACCCCTTTCCTACCTCTGAGGTCCCTCTACTCCTTTCCTACCTCTGTGGCCCATG
CL3Contig17	436	184.5	80437	AGGGTT
CL49Contig37	207	42.1	8712	TTAACCTGAAGCGTAC
CL484Contig1	305	63.0	19210	AAATTTCCTAATCAATTTATTCTCTTTGCATATGACTTTGAGGCTTTTTAAAAATAATCAAGCAGTGTAT
CL8Contig4	179	54.6	9770	CCTCTACTCCTTTCCTACCTCTGTGGCCCATGCTACCCCTTTCCTA
CL594Contig3	193	55.0	10621	TCTAGGATTCTATGGT
CL543Contig6	182	67.1	12210	ATTTAAATCAAGCCTTACTGACTAGTG
CL295Contig1	114	35.5	4051	GT
CL10Contig89	166	34.0	5648	GAGAGTATCT
CL8Contig31	284	182.7	51893	AGAGGTAGGAAAGGAGTAGAGGGCCAC
CL754Contig2	275	49.0	13474	TGTCAGCTGATCAATTG
CL274Contig2	194	37.9	7357	CT
CL908Contig1	167	57.8	9654	TTGTATTTTTTAATA
CL1941Contig1	178	34.1	6078	GCATTATAAGTTTCCAAAG
CL1441Contig1	174	47.6	8289	TTTTATCAGT
CL1441Contig1	174	47.6	8289	TTTTATCAGTTTTCATCTAGTT
CL39Contig12	355	101.9	36185	GAATCATCATCATATGGAATCGAATGGAATCATCGTATGGACTCGAATGGAATCATCACAGAATAGAATCAAATGGAATCATCAAATGGAATCGAATG
CL9Contig1	149	60.4	8998	GAA
CL431Contig1	200	104.0	20793	TTTCCCAATCAGAGAGTGTGTCGA
CL51Contig3	398	243.4	96860	CAGTGGAGTCCG
CL619Contig3	224	54.8	12274	TATAATCTTAATAATTTATCATAATCAT
CL43Contig16	152	56.0	8515	TCT
CL39Contig12	355	101.9	36185	TGGAATCAAATGGAATCATCTAAATGGACTCGAATGGAATCACCATCGAATAGAATAGAATGGAATCATCGAATGGAATCCAAAGGAATCATCACCAAATAGAATCAAAAGAAATCATCGTATGGACTCGAATGTAATCATCAGAGAC
CL1155Contig1	221	44.6	9852	AAACAACAATACAA
CL2337Contig1	113	38.9	4401	CT
CL21Contig23	170	39.6	6733	CATAGAAT
CL1255Contig1	265	34.2	9067	AAATGTAATAGTAATG
CL1053Contig1	154	63.1	9715	AGAT
CL84Contig1	167	70.1	11715	AATTTCTCACAGAAC
CL1053Contig1	154	63.1	9715	ATAGATAGATAGATAGATAGATAGAT
CL3Contig54	595	302.4	179934	GTGGAAACAAAAGCGTTTTTATCCTAGGCTAGAAAATCAGGCCTCGGCAACTACACCTGCGGGAAAAAGTTCTTTTTGAAAACTTCACAATTTCACCAAAAATCTGACATTATCCAAGTCTCTCAAAAATGGTGACAAACTGTTGCAAAATTCTACCCTGAAAGGTTTCGCC
CL1053Contig1	154	63.1	9715	ATAGATAGATAGATAGATAGAT
CL2Contig79	346	95.7	33101	TGT
CL8Contig10	218	294.7	64234	AGAGGTAGGAAAGGGGTAGAAGGGCCAC
CL66Contig8	192	55.0	10559	TGT
CL39Contig11	172	107.1	18422	ATCAAATGGAATCAAAAATAACCATC
CL1915Contig1	173	36.5	6307	AATTAAACATGATTAT
CL9Contig44	207	35.0	7245	TCT
CL9Contig87	219	323.0	70735	TCT
CL500Contig1	310	60.0	18604	ACAACAGCAAC
CL1767Contig1	171	40.9	6986	ATTG
CL43Contig11	190	55.0	10449	AAG
CL930Contig1	200	59.5	11909	TATC
CL234Contig1	276	107.3	29619	TCATA
CL153Contig14	166	36.6	6077	AG
CL930Contig1	200	59.5	11909	TATCTATCTATCTATCTATCTATCTA
CL273Contig3	313	45.3	14184	TGAT
CL9Contig44	207	35.0	7245	TCTTCTTCTTCTTCTTC
CL455Contig4	236	54.0	12751	GTTT
CL1762Contig1	177	38.7	6853	CAAGTGAAAATCCCTTG
CL8Contig7	293	682.7	200023	AGAGGTAGGAAAGGGTAGAGGGCCAC
CL945Contig2	228	44.9	10228	ATACATGCATAA
CL607Contig1	401	40.9	16401	GGTTAG
CL1325Contig1	184	47.4	8714	TCA
CL163Contig4	212	136.9	29025	TCTA
CL39Contig10	253	67.6	17091	ATGATTCCATTCGAGTCCACTCA
CL8Contig5	482	72.2	34791	CTGAGGTCCCTCTACCCCTTTCCTACCT
CL8Contig5	482	72.2	34791	CTGAGGTCCCTCTACTCCTTTCCTACCTCTGTGGCCCATCTACCCCTTTCCTACCT
CL53Contig6	264	206.4	54500	AAATTGAGAGTATCTGGGTCAAAATTAAGGGAGAGAAAAATAACAG
CL1235Contig1	199	49.4	9838	TAC
CL308Contig13	274	42.1	11546	TTTAGATGCGGTTTCCTCGACTTACAAAT
CL782Contig1	197	66.6	13128	CTT
CL1019Contig1	189	56.7	10717	CAGAGTAGACTAA
CL17Contig40	238	57.0	13566	TGTTT
CL8Contig5	482	72.2	34791	CCCTTTCCTACCTCTGTGGCCCTCTACCCCTTTCCTACCTCTGAGGTCCCTCTACTCCTTTTCTACCTCTGTCCCATCTACCCCTTTCCTACCTCTGATCCTACCTTATA
CL21Contig38	257	101.1	25975	AATCATAG
CL61Contig18	379	91.4	34627	AAAAATCCAATTTAAATTTAA
CL13Contig16	221	63.2	13972	TCCTCATTTTCCTGCCT
CL410Contig1	218	100.8	21975	GCCACATGTACCACCTCGAGTCG
CL892Contig1	223	55.3	12338	TC
CL20Contig6	281	49.0	13760	GAAGCTGAGACTCCAATACTTTGGCCACCTCATGA
CL20Contig6	281	49.0	13760	GAAGCTGAGACTCCAATACTTTGGCCACCTCATGA
CL231Contig4	229	39.5	9046	CAACCGTTTTGGATTA
CL61Contig18	379	91.4	34627	TTTAAAAAAATCGTTGATTTTT
CL190Contig1	456	76.8	35006	TTTC
CL190Contig1	456	76.8	35006	TCTTTCTTTCTTTCTTTC
CL190Contig1	456	76.8	35006	TCTTTCTTTCTTTC
CL137Contig1	310	132.9	41211	TCAT
CL831Contig1	252	53.3	13429	CTCGAGTCGGCCACATTAAACGC
CL957Contig2	261	42.8	11181	TC
CL920Contig1	281	41.6	11695	CTT
CL47Contig2	439	231.7	101726	TGAGGGTGGCGGTTC
CL1255Contig1	265	34.2	9067	TTAAATTTGATA
CL43Contig8	299	230.8	69024	AAG
CL43Contig8	299	230.8	69024	AAGAAGAAGAAGAAGAG
CL768Contig1	283	50.1	14173	GCCACATGAAGCACTCGAGTCG
CL645Contig1	290	54.9	15908	GGCCACATGTCCTACCTCGAGTC
CL57Contig16	485	59.3	28766	TTTTCTCCTTTGCAAAAGTAAGCTGCAGACAACTTTGAGCTGATCCTCAAAAAATTGGGGC
CL663Contig1	312	47.7	14871	GCCACATACTACCCTCGAATCG
CL226Contig1	358	86.3	30899	ATC
CL600Contig1	324	51.3	16627	CACATACACACCTCGAGTCGGA
CL11Contig78	483	59.7	28843	CTACCCCACTCACACATGAAAACAAAGATCCACCACAGCCAACAACAAATGAACAACCACACCCCAGGCCAACCCCAACCTCTCTCACCACAAAAGGAACACAAGCGAACAGCAGAGAAC
CL526Contig1	317	55.6	17610	GGCCACATAGTACATCTCGAGTC
CL600Contig1	324	51.3	16627	CTCGAGTCGGACACATCCAAAT
CL4Contig127	335	42.3	14159	TC
CL39Contig7	334	54.4	18173	ATGATTCCATTAGATTCCATTTGATG
CL63Contig6	377	130.4	49146	CT
CL222Contig1	397	76.0	30154	AAAAC
CL39Contig6	401	37.0	14848	TCATCAAATGGAATCAAATGAAA
CL312Contig1	371	65.1	24159	ATACTAAATCCACAG
CL3Contig14	497	423.3	210359	CCTAAC
CL3Contig54	595	302.4	179934	AGGGTT
