CL2Contig1420	187	109.6	20499	TCATGTGGCCGACTCGAGTGCCC
CL47Contig1	367	98.3	36058	TGTGGCCGACTCGAGGATGAGAA
CL23Contig8	289	88.2	25490	ACTCGAGGACTTGCATGTGGCCG
CL4Contig568	185	78.9	14588	GACTCGAGGGGAGGTATGTGGCC
CL2Contig1804	191	66.2	12635	GGCCGACTCGAGGGCGGTTTATGT
CL2Contig1804	191	66.2	12635	GGCCGACTCGAGCGGGCTATGT
CL143Contig1	260	65.3	16988	TGGCCGACTCGAGATTAGCTATG
CL207Contig1	243	52.3	12698	GACTCGAGCGTGCAATGTGGCC
CL1Contig1638	177	48.0	8504	CCGACTCGAGGTGGGATGTGG
CL1Contig1638	177	48.0	8504	CCGACTCGAGGCTGGGATGTGGCCGACTCGAGGGTGCGATGTGGCCGACTCGAGGAGGGCATGTGG
CL387Contig1	164	46.8	7678	GACTCGAGAGTTGTCATGTGGCC
CL1Contig3528	111	43.0	4774	ACTCGAGGGGGTGATGTGGCCG
CL6Contig132	251	42.5	10673	ACTCGAGATGTCCATGTGGCCG
CL2Contig19	194	39.7	7701	GCCGACTCGAGTTAGGCGCATGTG
CL2Contig523	189	35.6	6737	GACTCGAGGTGGGTATGTGGCC
CL158Contig2	204	33.9	6924	GACTCGAGTGCCAGATGTGGCC
CL1Contig3531	160	33.1	5289	CGACTCGAGGGTTGATGTGGC
CL2Contig1721	191	32.3	6164	GTGGCCGACTCGAGTGTGTCAAT
CL4Contig880	139	32.0	4453	TGCCACCCTCGAGTCGGCCACA
CL2Contig272	252	30.0	7564	GGCCGACTCGAGAGGGGCATGT
CL5Contig474	171	30.1	5150	GTGGCCGACTCGAGGTTTCCAT
CL1Contig1714	145	28.2	4088	ACTCGAGACCTATATGTGGCCG
CL2Contig1623	176	28.5	5019	GGCCGACTCGAGCAAGGTGATGT
CL2Contig1623	176	28.5	5019	GGCCGACTCGAGAAGGGCATGT
CL402Contig1	254	28.4	7222	GACTCGAGGAGTGGATGTGGCC
CL3Contig1147	151	27.3	4116	CGACTCGAGGACTGCATGTGGC
CL2Contig401	202	26.2	5296	GTGGCCGACTCGAGGTAGGAT
CL4Contig53	178	26.0	4633	AGGGAATATCAGCTCATTGATTCTGCTTCATACGGTCC
CL1Contig3659	124	25.9	3206	TTGATGTGGCCGACTCGAGGTA
CL398Contig1	278	25.5	7088	GACTCGAGGTTGTCCATGTGGCC
CL5Contig818	179	25.9	4632	GACTCGAGTAGCGCATGATGGCC
CL6Contig99	224	25.7	5763	TCCGACTCGAGTGTGTGATGTG
CL1Contig545	165	24.7	4082	AGTCGGCCACATACCAAAGCTCGAGTCGGCCACATACACTAACTCGAGTCGGCCACATACCAACCTCG
CL1Contig545	165	24.7	4082	AGTCGGCCACATACACAACTCGAGTCGGCCACATACTAACTCG
CL1Contig545	165	24.7	4082	AGTCGGCCACATACAAACTCG
CL2Contig1075	200	24.1	4824	ACTCGAGGAGTATCATGTGGCCG
CL487Contig1	275	24.1	6632	ACTCGAGGTACGTAATGTGGGCCG
CL558Contig1	214	24.7	5282	GACTCGAGGAGACGCATGTGGCC
CL8Contig189	151	24.1	3641	GGCCGACTCGAGGCGACTCATGT
CL1Contig2821	138	23.1	3192	ACTCGAGGTGGGATGTGGCCG
CL1Contig1781	151	22.9	3452	ACTCGAGGTTAGGATGTGGCCG
CL1Contig1821	127	22.6	2874	ACTCGAGGGGGAATGTGGCCG
CL1Contig1821	127	22.6	2874	ACTCGAGGGAGGACATGTGGCCGACTCGAGAGAAGGGATGTGGCCG
CL1Contig3180	124	22.2	2756	CCGACTCGAGGGAGGGATGTGG
CL2Contig584	189	22.8	4313	GCCGACTCGAGGCTTGAATGTG
CL3Contig115	170	22.6	3846	GGCCGACTCGAGGCGTAGTATGT
CL3Contig115	170	22.6	3846	GGCCGACTCGAGGCGGAATGT
CL3Contig1541	163	22.4	3658	ACTCGAGCTGGAAATGTGACCG
CL1Contig2497	144	21.6	3111	ACTCGAGCGATAGGCATGTGGCCG
CL765Contig1	205	21.2	4348	TG
CL1201Contig1	139	20.1	2789	GGAGA
CL1Contig2359	115	20.9	2399	GATGTGGCCGACTCGAGGGAGGGTTATGTGGCCGACTCGAGCGACC
CL1Contig2359	115	20.9	2399	GTATGTGGCCGACTCGAGGAGG
CL17Contig19	261	19.5	5080	CCGACTCGAGAGGATCATGT
CL1Contig260	144	19.3	2782	ACTCGAGGGTGGCATGTGGCCG
CL1Contig3891	133	19.6	2612	CGACTCGAGGGCGCGATGTGGC
CL1Contig3891	133	19.6	2612	CGACTCGAGGGCGCCATGTGGCCGACTCGAGGGACGGATGTGGC
CL1Contig457	177	19.4	3432	TCCGACTCGAGGGATGGATGTGGCCGACTCGAGAGGTGTGGATGTGG
CL2Contig1546	190	19.3	3668	GCCGACTCGAGCGAAACATGTG
CL3Contig1612	169	19.0	3217	CTCGAGTATGCTATGTGGCCGA
CL5Contig698	149	19.0	2830	GGCCGACTCGAGGGGTGGATGT
CL8Contig173	193	19.6	3780	GACTCGAGGGCCTGATGTGGCC
CL1Contig2042	137	18.0	2465	CGACTCGAGAGGGTGATGTGGC
CL1Contig377	146	18.4	2687	CGACTCGAGGGTTCATGTGGC
CL1Contig377	146	18.4	2687	CGACTCGAGGTAGGTATGTGGCCGACTCGAGGGATGTCATGTGGC
CL1Contig424	127	18.9	2394	CGACTCGAGTCTGGATGTGGC
CL1Contig424	127	18.9	2394	CGACTCGAGTCATGGAATGTGGCCGACTCGAGCTTCGGATGTGGC
CL1Contig951	147	18.7	2753	GGCCGACTCGAGTGGTGGATGT
CL11Contig12	154	17.9	2761	GATGTGGCCGACTCGAGGGCTG
CL2Contig707	191	22.6	4315	AGTCACGCGTCCATGGAGATCCACGTGATGAGAAAGGTTCCCATAATTACGCCCCTCGAGTCGGCCACATCCCGCACTCGAGTCGG
CL2Contig1066	193	29.2	5631	CATGTGGCCGACTCGAGCGCGG
CL2Contig1844	179	77.3	13838	GTGGCCGACTCGAGCGGGGGAT
CL4Contig395	140	34.3	4808	CCACATCCACCTACTCGAGTCGG
CL1Contig2252	121	36.7	4446	CCGACTCGAGGGTGGTATGTGG
CL2Contig1157	181	26.8	4844	CCGACTCGAGTCGATGAATGTGG
CL1Contig883	197	25.1	4935	CCGACTCGAGGGTCGATGTGG
CL1Contig883	197	25.1	4935	CCGACTCGAGGTACAGATGTGGCCGACTCGAGTGTGTGATGTGG
CL1Contig883	197	25.1	4935	CCGACTCGAGGTGGTCATGTGGCCGACTCGAGGGGTTTATGTGGCCGACTCGAGCTGACAGATGTGG
CL2Contig1336	168	22.8	3825	CCGACTCGAGTCTATGCATGTGG
CL2Contig1453	177	18.3	3234	CCGACTCGAGGCGCACATGTGG
CL2Contig1857	206	25.8	5325	ATGTGGCCGACTCGAGGGTGGG
CL1Contig1878	166	25.5	4235	GTGGCCGACTCGAGGGTCAGTGATGTGGCCGACTCGAGCAGGGGATGTGGCCGACTCGAGTGGAGGAT
CL1Contig1878	166	25.5	4235	GTGGCCGACTCGAGGTGGAGGAT
CL1Contig1878	166	25.5	4235	GTGGCCGACTCGAGGTGGGGATGTGGCCGACTCGAGGGATGGAT
CL313Contig1	336	26.9	9032	CCGACTCGAGCCGAACATGTGG
CL1Contig3485	169	24.7	4180	TATGTGGCCGACTCGAGGCTCGCATGTGGCCGACTCGAGGGTGTG
CL2Contig991	230	29.8	6848	CCGACTCGAGAACCGAATGTGG
CL1Contig1355	136	35.9	4883	GCCGACTCGAGGGGGTGATGTG
CL1Contig3485	169	24.7	4180	ATGTGGCCGACTCGAGGTGCCCCATGTGGCCGACTCGAGGGTCGGATGTGGCCGACTCGAGGCTAGC
CL1Contig3485	169	24.7	4180	ATGTGGCCGACTCGAGGGCCGC
CL1Contig1548	131	18.4	2411	TCTCGAGTCGGCCACATGAGGCCCTCGAGTCGGCCACATCACCC
CL1Contig1548	131	18.4	2411	CTCGAGTCGGCCACATAACCCACTCGAGTCGGCCACATCGACGCCTCGAGTCGGCCACATGAGGCC
CL1Contig1548	131	18.4	2411	CTCGAGTCGGCCACATAAGCC
CL1Contig3121	126	18.4	2323	GGCCGACTCGAGGAGCTGATGT
CL1Contig3121	126	18.4	2323	GGCCGACTCGAGGAGCTGATGTGGCCGACTCGAGCGCGCTATGT
CL1Contig2303	150	24.6	3693	TCATGTGGCCGACTCGAGGGA
CL2Contig1056	204	28.3	5767	ATGTGGCCGACTCGAGGGTTGTC
CL2Contig839	154	40.7	6266	CCGACTCGAGGGGCACATGTGG
CL454Contig1	222	31.0	6889	ACTCGAGGGTCCTCATGTGGTCCC
CL1Contig1837	140	26.0	3634	GATGTGGCCGACTCGAGTGCCCGCATGTGGCCGACTCGAGGGTGGC
CL1Contig1837	140	26.0	3634	GATGTGGCCGACTCGAGCGGCC
CL1Contig1837	140	26.0	3634	GATGTGGCCGACTCGAGCGGCCCATGTGGCCGACTCGAGGGTGG
CL1Contig2303	150	24.6	3693	CATGTGGCCGACTCGAGTGTGATACATGTGGCCGACTCGAGGTAGCGCATGTGGCCGACTCGAGTTGGTG
CL2Contig327	177	18.9	3347	CCGACTCGAGGATGGCATGTGG
CL1Contig3711	148	18.9	2803	ATGTGGCCGACTCGAGGTGTG
CL1Contig3711	148	18.9	2803	ATGTGGCCGACTCGAGGTGTGATGTGGCCGACTCGAGGTATCGG
CL1Contig809	158	18.5	2917	CCGACTCGAGGTTAGTATGTGG
CL1Contig809	158	18.5	2917	CCGACTCGAGGTAAGTATGTGGCCGACTCGAGGCTCTGAATGTGG
CL1026Contig1	171	20.2	3457	CCGACTCGAGGGGCCAATGTGG
CL1Contig2303	150	24.6	3693	ATGTGGCCGACTCGAGGGTGCATGTGGCCGACTCGAGTATGG
CL2Contig718	184	26.3	4844	GGCGATGTGGCCGACTCGAGA
CL1Contig1999	251	28.7	7206	CCGACTCGAGGTTAGCATGTGG
CL2Contig716	185	30.9	5722	ATGTGGCCGACTCGAGGAGAGA
CL3Contig1492	176	43.4	7645	CCGACTCGAGGGTGGGATGTGG
CL11Contig6	266	901.3	239752	GGTGGTGGCTCTGGTGGCGGCTCTGAG
CL186Contig1	320	44.5	14230	CCGACTCGAGCGGTGATATGTGG
CL2Contig1321	202	78.6	15884	CCGACTCGAGGGCGGAATGTGG
CL1Contig1458	150	26.4	3959	TGATGTGGCCGACTCGAGGGG
CL1Contig2607	127	19.9	2526	GATGTGGCCGACTCGAGTGAT
CL1Contig2607	127	19.9	2526	GATGTGGCCGACTCGAGTAAATGAATGTGGCCGACTCGAGGTGGT
CL1Contig2607	127	19.9	2526	GATGTGGCCGACTCGAGGGATA
CL1Contig2607	127	19.9	2526	GATGTGGCCGACTCGAGGGAAAAATGTGGCCGACTCGAGGTGGT
CL3Contig474	158	18.3	2891	CCGACTCGAGACCGTAATGTGG
CL1Contig2761	195	18.1	3537	CATGTGGCCGACTCGAGGTGCG
CL1Contig2761	195	18.1	3537	CATGTGGCCGACTCGAGGTGCCGCATGTGGCCGACTCGAGGGGGTTCATGTGGCCGACTCGAGGTGCG
CL630Contig1	247	20.5	5054	CCGACTCGAGGGGTCGCATGTGG
CL2Contig461	186	23.2	4317	CCGACTCGAGCGCCCAATGTGG
CL1Contig1458	150	26.4	3959	GATGTGGCCGACTCGAGAGTGTCATGTGGCCGACTCGAGGGGTC
CL1Contig1458	150	26.4	3959	GATGTGGCCGACTCGAGGGGTACAATGTGGCCGACTCGAGAGGGTGGATGTGGCCGACTCGAGAGCGTC
CL126Contig1	313	55.1	17236	ATGTGCCCGACTCGAGATGGCG
CL108Contig3	207	31.0	6427	CCGACTCGAGAAGCATGATGTGG
CL603Contig1	155	33.7	5228	TGTGGAGGAATAGTTATTTCCCTTT
CL4Contig1100	111	24.4	2703	CTCGAGTCGGCCACATAGGAGCG
CL1Contig2821	138	23.1	3192	GGGATGTGGCCGACTCGAGCGGGTCATGTGGCCGACTCGAGCG
CL1Contig2892	127	18.2	2314	CCCTCGAGTCGGCCACATCCTCCGACTCGAGTCGGCCACATTCAAA
CL1576Contig1	117	18.3	2144	ATGATT
CL589Contig1	138	18.2	2513	TGGTAGATCAC
CL1Contig2821	138	23.1	3192	GGATGTGGCCGACTCGAGGGTGTCATGTGGCCGACTCGAGCGGC
CL1Contig3951	125	20.7	2593	TATGTGGCCGACTCGAGGGATGGATGTGGCCGACTCGAGGGTGAC
CL1Contig2548	209	20.0	4177	ATGTGGCCGACTCGAGGGTGG
CL1Contig2548	209	20.0	4177	ATGTGGCCGACTCGAGCGGGATGTGGCCGACTCGAGGGGTGGATGTGGCCGACTCGAGGGATGGA
CL2Contig735	186	19.8	3674	GGATGTGGCCGACTCGAGGAAG
CL2Contig1075	200	24.1	4824	GTATGTGGCCGACTCGAGGATG
CL506Contig1	206	30.7	6323	GGGAGAGAGAGAAAGA
CL4Contig1137	139	57.8	8036	CTCGAGTCGGCCACATACAGCAC
CL8Contig114	142	31.4	4463	GTAATTATGTGGAACCTTTCTCATCACGTGGATCTCCATGGACGCGTGACA
CL4Contig938	124	29.3	3630	CCTCGAGTCGGCCACATCCACAC
CL1Contig260	144	19.3	2782	CATGTGGCCGACTCGAGGGTGGCATGTGGCCGACTCGAGGAGGTT
CL1Contig3951	125	20.7	2593	ATGTGGCCGACTCGAGGGATGG
CL2Contig591	189	23.4	4424	ATGTGGCCGACTCGAGGCGGCGC
CL6Contig32	165	22.4	3696	CCGACTCGAGCTTATGCATGTGGC
CL1Contig3651	137	21.9	3007	ATGTGGCCGACTCGAGGTTAGG
CL4Contig1026	122	18.5	2260	CCCCTCGAGTCGGCCACATACA
CL1Contig2892	127	18.2	2314	CTCGAGTCGGCCACATCCTACC
CL1Contig2892	127	18.2	2314	CTCGAGTCGGCCACATTTTCCG
CL1Contig2821	138	23.1	3192	ATGTGGCCGACTCGAGCGGGGC
CL1Contig1781	151	22.9	3452	ATGTGGCCGACTCGAGGGTAGG
CL1Contig2768	181	20.8	3763	CCGACTCGAGGTGTGATGTGG
CL1Contig3961	153	25.5	3905	ATGTGGCCGACTCGAGGGGCCG
CL1Contig3961	153	25.5	3905	ATGTGGCCGACTCGAGGGGCCCATGTGGCCGACTCGAGGGGTCCGGATGTGGCCGACTCGAGGTCGTG
CL55Contig1	304	116.7	35467	ATGTGGCCGACTCGAGAGCGAG
CL4Contig395	140	34.3	4808	CTCGAGTCGGCCACATCACCTGC
CL731Contig1	216	19.9	4298	TGGCCGACTCGAGGCATCCATG
CL1Contig424	127	18.9	2394	ATGTGGCCGACTCGAGCTTCGG
CL1Contig424	127	18.9	2394	ATGTGGCCGACTCGAGGTGCGG
CL1Contig3531	160	33.1	5289	ATGTGGCCGACTCGAGTGTGTGTATGTGGCCGACTCGAGGGTGCGTATGTGGCTCCGACTCGAGTTTGGC
CL1Contig3220	174	18.6	3238	GATGTGGCCGACTCGAGGGTC
CL1Contig979	144	19.4	2798	CCGACTCGAGGGGCGATGTGG
CL1Contig979	144	19.4	2798	CCGACTCGAGGGGCGATGTGGCCGACTCGAGCTGTAGGCATGTGG
CL1Contig3180	124	22.2	2756	ATGTGGCCGACTCGAGGGAGGGATGTGGCCGACTCGAGGGACCA
CL2Contig584	189	22.8	4313	ATGTGGCCGACTCGAGGGTGTT
CL331Contig1	381	21.6	8229	GCCGACTCGAGCCTGTACATGTG
CL1Contig3220	174	18.6	3238	ATGTGGCCGACTCGAGGGTCTGATGTGGCCGACTCGAGGTGCCGC
CL1Contig3220	174	18.6	3238	ATGTGGCCGACTCGAGGGCCGGATGTGGCCGACTCGAGGGGTCGCATGTGGCCGACTCGAGGGTCCT
CL1Contig3195	153	18.8	2871	ATGTGGCCGACTCGAGGGAGTG
CL1Contig1227	153	18.8	2874	CCACATCCCACCCTCGAGTCGG
CL2Contig19	194	39.7	7701	ATGTGGCCGACTCGAGGCAAGA
CL2Contig1157	181	26.8	4844	AATGTGGCCGACTCGAGCGACC
CL4Contig1218	142	94.5	13414	CCACATGAACCACTCGAGTCGG
CL613Contig2	187	24.4	4555	CTATT
CL2Contig1552	201	23.2	4659	ATGTGGCCGACTCGAGGTCCGCC
CL1Contig3170	160	20.4	3270	CCACATCCACACCTCGAGTCGGCCACATTCCTAACTCGAGTCGG
CL1Contig2262	142	18.9	2679	AGGATGTGGCCGACTCGAGGGG
CL11Contig6	266	901.3	239752	GGTGGCGGCTCTGAG
CL81Contig7	176	72.1	12698	GA
CL8Contig243	183	33.8	6185	TGGGAACCTTTCTCATCACGTGGATCTCCATGGACGCGTGACAGGTAATTA
CL2Contig1721	191	32.3	6164	ATGTGGCCGACTCGAGCGTACCG
CL1Contig2262	142	18.9	2679	GGATGTGGCCGACTCGAGGAGTCTATGTGGCCGACTCGAGGGTG
CL4Contig21	146	23.8	3477	GCCACATGCGGCGCCTCGAGTCG
CL8Contig152	133	56.0	7445	TGTCACGCGTCCATGGAGATCCACGTGATGAGAAAGGTTCCCATAAT
CL1Contig1999	251	28.7	7206	GCATGTGGCCGACTCGAGGGTGGGATGTGGCCGACTCGAGGGGT
CL2Contig906	190	24.3	4617	GCCGACTCGAGGGATGCATGTG
CL1Contig3659	124	25.9	3206	GATGTGGCCGACTCGAGGGGCCGATGTGGCCGACTCGAGGGAATT
CL1Contig3659	124	25.9	3206	GATGTGGCCGACTCGAGGGGCCGATGTGGCCGACTCGAGGCTTT
CL1Contig3659	124	25.9	3206	GATGTGGCCGACTCGAGGGGTT
CL8Contig10	130	50.6	6573	GCGTCCATGGAGATCCACGTGATGAGAAAGGTTCCCATAATTAGGAAGA
CL14Contig5	260	80.9	21045	ACCCCAACTTCTCTC
CL11Contig6	266	901.3	239752	GGCGGTTCTGAGGGTGGCGGCTCTGAGGGA
CL1Contig2262	142	18.9	2679	ATGTGGCCGACTCGAGGGGACT
CL4Contig50	146	50.7	7395	CCACATCCCAACCTCGAGTCGG
CL41Contig2	526	37.3	19634	TTCCATTTGATGATGATTCCATTCGA
CL1Contig3659	124	25.9	3206	ATGTGGCCGACTCGAGGGTTT
CL2Contig1321	202	78.6	15884	ATGTGGCCGACTCGAGGGCCCC
CL1Contig156	131	18.8	2466	ATGTGGCCGACTCGAGGCTGTG
CL1Contig156	131	18.8	2466	ATGTGGCCGACTCGAGGGTGTCATGTGGCCGACTCGAGACGACGG
CL8Contig136	195	20.5	4000	TAATTATGGGAACCTTTCTCATCACGTGGATCTCCATGCG
CL1Contig1397	133	23.7	3158	CCACATCCACCCCTCGAGTCGG
CL4Contig698	123	22.2	2735	CCACATACCACCCTCGAGTCGG
CL30Contig5	180	49.0	8816	TCATACATCATCTTTTAAAATATTGTTAACAAACATAAA
CL1Contig745	102	18.1	1849	GCCACATCCGCCCTCGAGTCG
CL1Contig1227	153	18.8	2874	CCCTCGAGTCGGCCACATCCCACCCTCGAGTCGGCCACATAAAA
CL1Contig565	153	26.6	4071	CCACATCCCACCTCGAGTCGG
CL8Contig266	140	23.0	3214	TGTCACGCGTCCATGGAGATCCACGTGATGAGAAAGGTTCCCATAAT
CL1Contig3400	114	19.5	2222	CCGACTCGAGGTGCGGATGTGG
CL1Contig649	162	20.6	3332	GCCGACTCGAGGAGGTGATGTG
CL1Contig2768	181	20.8	3763	ATGTGGCCGACTCGAGGGTGTG
CL4Contig341	214	19.0	4066	GTATGAAGCAGAATCAATGAGCTGATATTCCCTGGACCA
CL2Contig1415	154	18.6	2867	CCGACTCGAGGCTGGCATGTGG
CL1Contig2535	165	18.5	3048	GGCCGACTCGAGCGGGCCATGT
CL1Contig3170	160	20.4	3270	CCTCGAGTCGGCCACATTCCAT
CL4Contig747	254	46.5	11809	TATGAAGCAGAATCAATGAGCTGATATTCCCTGGACCA
CL1Contig892	111	28.9	3211	CTCGAGTCGGCCACATGCCCAC
CL1Contig2963	105	24.3	2552	CCTCGAGTCGGCCACATCCCA
CL1Contig3170	160	20.4	3270	CTCGAGTCGGCCACATTCCACACCTCGAGTCGGCCACATTCCAAACCCTCGAGTCGGCCACATCATAAA
CL3Contig1409	101	20.5	2071	CCGACTCGAGGGCAAGATGTGG
CL3Contig1409	101	20.5	2071	CCGACTCGAGGCAAGATGTGG
CL1Contig935	233	21.4	4987	CTCGAGTCGGCCACATCACACA
CL4Contig200	263	23.1	6082	CCAGGGAATATCAGCTCATTGATTCTGCTTCATATGGT
CL4Contig200	263	23.1	6082	CCAGGGAATATCAGCTCATTGATTCTGCTTCATATGGTCCAGGGAATATCAGCTCATTGATTCTGCTTCATACCACATAGAAGGAGGT
CL1Contig1955	150	22.6	3385	ATGTGGCCGACTCGAGGTGTGGG
CL2Contig1566	167	39.8	6654	CGTGTTGCTTGAGCATTTGT
CL108Contig4	241	41.3	9960	GGACCAATCAGACTGCTGCATTCTGGATCCTAATGTTCTA
CL3Contig838	101	31.8	3214	CCGACTCGAGGGCAGAGATGTGG
CL1Contig867	159	26.4	4193	CCGACTCGAGGTCAGGATGTGG
CL1Contig867	159	26.4	4193	CCGACTCGAGGTGAAATGTGGCCGACTCGAGGGGCGGATGTGG
CL1Contig1397	133	23.7	3158	CCTCGAGTCGGCCACATCCAACCCTCGAGTCGGCCCACATCACAA
CL1Contig2991	107	19.4	2071	CCGACTCGAGGGGGGATGTGG
CL4Contig833	254	24.8	6287	GGTCCAGGGAATATCAGCTCATTGATTCTGCTTCATAA
CL4Contig833	254	24.8	6287	GGTCCAGGGAATATCAGCTCATTGATTCTGCTTCATAAGGTCCAGGGAATATCAGCTCATTGATTCTGCTTCATACCACATGAACAACTCGAGTCGA
CL1Contig984	138	47.2	6512	CCCTCGAGTCGGCCACATCACAACCTCGAGTCGGCCACATCCAC
CL41Contig3	507	44.3	22463	TTCGATTCCATGCGATAATTCCATTCCATTCCATTTGAAGATGATTCCATTCGAGACCATTCGATGATAATTCCA
CL1Contig984	138	47.2	6512	CCTCGAGTCGGCCACATCACAA
CL1Contig565	153	26.6	4071	CCTCGAGTCGGCCACATCACACACTCGAGTCGGCCACATAACCT
CL42Contig1	244	154.5	37696	CTCATTCACCCAAATGGACCAGCCTCCA
CL81Contig1	113	24.0	2714	CT
CL3Contig463	105	18.3	1924	CCGACTCGAGGCTGGCATGTGG
CL3Contig1230	106	30.0	3182	CCGACTCGAGGGTCTGGATGTGG
CL1Contig844	198	26.8	5312	ATGTGGCCGACTCGAGGGGGGG
CL1Contig844	198	26.8	5312	ATGTGGCCGACTCGAGGAGCGGATGTGGCCGACTCGAGGGGGGAATGTGGCCGACTCGAGTTTGGT
CL23Contig4	337	54.7	18444	GAAAAGCCCCATTTTTTTGAGGATCAGCTCAAATTTCTGCAGCTTCTTTTGCAAAGGA
CL23Contig4	337	54.7	18444	GAAAAGACCAATTTTTTTGAGGATCAGCTCAAAGTTGTCTGCAGCTTACTTTTGCAAAGGAGAAAAACCCCATTTTATGGGGATCAACTCAAAGTTCTGCAGCTTCTTTTGCAAAGGA
CL624Contig1	286	18.4	5267	TTCCATGGAATTAAAAAATAA
CL1Contig3400	114	19.5	2222	GATGTGGCCGACTCGAGGTGCG
CL8Contig128	205	18.2	3737	CATGGAGATCCACGTGATGAGAAAGGTTCCCATAATTACCGTGTCACGCGTC
CL3Contig665	113	52.8	5965	CCGACTCGAGGGGTGATGTGG
CL136Contig2	184	24.3	4464	TTTTCGACTTACGAA
CL136Contig2	184	24.3	4464	TTTCGACTTACGAA
CL2Contig129	286	29.7	8494	ACCTTTCTCATCACGTGGATCTCCATGGACGCGTGACCCAAATGCTCAAGCAACACG
CL2Contig991	230	29.8	6848	CGTGTTGCTTGAGCATTTGGGTCACGCGTCCATGGAGATCCACGTGATGAGAAAGGT
CL1Contig1999	251	28.7	7206	GTGGCCGACTCGAGGTTCAG
CL8Contig237	229	105.7	24200	TGTCACGCGTCCATGGAGATCCACGTGATGAGAAAGGTTCCCATAATTAC
CL128Contig1	251	68.9	17292	ATTGGTGTAGTGATTTTT
CL766Contig1	125	29.4	3675	ATCT
CL4Contig1083	115	21.4	2462	CCACATCACGCCCCTCGAGTCGG
CL1Contig2696	155	31.8	4927	CTCGAGTCGGCCACATACCAAC
CL2Contig1352	121	30.1	3646	CCACATCCAACCCTCGAGTCGG
CL2Contig1056	204	28.3	5767	TGGCGTGTTGCTTGAGCATT
CL3Contig1054	122	20.3	2482	CCGACTCGAGGCTCGATGTGG
CL1Contig2820	124	18.6	2309	CTCGAGTCGGCCACATCCGCCC
CL1Contig2248	113	18.1	2045	CCCTCGAGTCGGCCACATCACA
CL3Contig832	125	31.3	3908	CCGACTCGAGGGTCTGATGTGG
CL3Contig463	105	18.3	1924	ATGTGGCCGACTCGAGACAGAG
CL2Contig1117	125	18.6	2329	CCACATGCCACCTCGAGTCGG
CL1Contig457	177	19.4	3432	CCGACTCGAGGTATGGATGTGG
CL1Contig457	177	19.4	3432	CCGACTCGAGGGTTGGATGTGGCCGACTCGAGGTGTGGAATGTGG
CL5Contig611	124	23.8	2955	CCACATGCCGAACTCGAGTCGG
CL3Contig1393	126	21.7	2730	CCGACTCGAGTGGAAGTAATGTGG
CL3Contig23	123	21.0	2581	CCGACTCGAGGTCAGCCATGTGG
CL1Contig2947	127	21.9	2786	CCGACTCGAGGGGCTAATGTGG
CL5Contig448	124	20.3	2514	CACATGAAACACTCGAGTCGGC
CL3Contig1570	129	33.3	4295	CCGACTCGAGGGTGGTGATGTGG
CL3Contig684	124	29.2	3618	CCGACTCGAGCGGTGGTATGTGG
CL3Contig198	123	27.9	3428	CCGACTCGAGGCTGAGCATGTGG
CL13Contig35	212	26.7	5652	TATTCTG
CL1Contig2860	120	20.1	2407	CTCGAGTCGGCCACATACAACC
CL3Contig220	126	19.7	2479	CCGACTCGAGGGATGGATGTGG
CL3Contig220	126	19.7	2479	CCGACTCGAGGGGACGATGTGG
CL1Contig317	122	19.5	2378	CCGACTCGAGGCGTGGCATGTGG
CL1Contig317	122	19.5	2378	CCGACTCGAGGCGCTGATGTGG
CL2Contig1466	124	21.5	2660	CCACATCCCACCCTCGAGTCGG
CL91Contig1	326	72.9	23781	AATCATCAATCAATC
CL5Contig458	129	48.3	6236	CCACATCACACCTCGAGTCGG
CL2Contig868	126	30.0	3784	CCACATACCCACCTCGAGTCGG
CL2Contig85	132	24.2	3197	CCACATACGCACCCTCGAGTCGG
CL3Contig875	108	18.8	2029	CCGACTCGAGGGTGGCTATGTGG
CL2Contig717	126	19.4	2450	CCACATGCCCACCTCGAGTCGG
CL2Contig301	134	19.7	2638	CCACATGACCCCCTCGAGTCGG
CL2Contig367	131	43.3	5677	CCACATCGCACCCCTCGAGTCGG
CL1Contig2276	185	25.0	4633	CCGACTCGAGGGAGGATGTGG
CL1Contig2276	185	25.0	4633	CCGACTCGAGGCGATGATGTGGCCGACTCGAGAGAGGGATGTGG
CL3Contig550	132	21.2	2794	CCGACTCGAGGGGTGGTATGTGG
CL3Contig1379	121	22.0	2659	CCGACTCGAGGGGGCGATGTGG
CL5Contig590	137	23.3	3198	CCACATCACAAACTCGAGTCGG
CL3Contig1391	132	18.2	2396	CCGACTCGAGGCGTCATGTGG
CL8Contig241	207	64.2	13284	TGAGAAAGGTTCCCATAATTATGTCACGCGTCCATGGAGATCCACGTGA
CL5Contig367	131	24.3	3179	CCACATCCCCCCCTCGAGTCGG
CL3Contig407	137	18.1	2482	GCCGACTCGAGGGTCGTATGTG
CL8Contig173	193	19.6	3780	TGAGAAAGGTTCCCATAATGTCACGCGTCCATGGAGATCCACGTGA
CL2Contig1353	132	23.8	3142	CCACATCCCAACCTCGAGTCGG
CL3Contig1206	136	26.1	3553	CCGACTCGAGGATGGGAATGTGG
CL2Contig1110	122	28.4	3462	CCTCGAGTCGGCCACATCAACA
CL3Contig792	139	63.5	8831	CCGACTCGAGGGGTGTATGTGG
CL9Contig52	229	48.8	11174	CTCCCGCAGTTTGGTCAGACTCATGC
CL41Contig3	507	44.3	22463	TTCCATTTGATGATGATTCCATTCGA
CL917Contig1	168	20.1	3385	TAC
CL2Contig1826	124	20.0	2482	CCTCGAGTCGGCCACATGACCAC
CL5Contig94	135	46.6	6296	CCACATCCACCCCTCGAGTCGG
CL5Contig17	125	27.2	3406	CTCGAGTCGGCCACATACACAA
CL13Contig35	212	26.7	5652	TCTGTATTCTGTTAT
CL3Contig1233	132	26.1	3440	CCGACTCGAGGTTAGCATGTGG
CL5Contig219	133	24.4	3242	CACATACCCACCTCGAGTCGGC
CL2Contig93	133	27.7	3685	CCACATCCCAGCTCGAGTCGG
CL3Contig1031	140	27.1	3800	CCGACTCGAGGGAGGTATGTGG
CL4Contig535	262	21.0	5499	TATGAAGCAGAATCAATGAGCTGATATTCCCTGGACCT
CL3Contig1187	143	22.4	3198	CCGACTCGAGGGTGCGCATGTGG
CL3Contig1187	143	22.4	3198	CCGACTCGAGGTGCCTATGTGG
CL5Contig486	127	19.0	2408	CTCGAGTCGGCCACATAACCTAC
CL1Contig2159	173	18.1	3125	CACTCGAGTCGGCCACATCCCC
CL2Contig1295	140	25.8	3617	CCCTCGAGTCGGCCACATTCAAA
CL5Contig143	125	39.6	4950	CCTCGAGTCGGCCACATGCACAT
CL4Contig747	254	46.5	11809	TATGAAGCAGAATCAATGAGCTGATATTCCCTGGACCACTCGAGTCAATAGATGTGG
CL34Contig26	129	19.8	2553	CCACATCGCCAACTCGAGTCGG
CL2Contig667	121	19.0	2303	CCTCGAGTCGGCCACATGCAAAC
CL5Contig725	129	39.7	5116	ACCCTCGAGTCGGCCACATGCC
CL3Contig1633	139	24.4	3385	CCGACTCGAGGGGTGTATGTGG
CL5Contig283	127	28.2	3582	CCTCGAGTCGGCCACATCCCCA
CL1Contig1557	165	27.7	4572	CCGACTCGAGGTTGTATGTGG
CL5Contig275	130	32.9	4282	GCTCGAGTCGGCCACATAGCAACC
CL5Contig437	126	69.0	8694	CTCGAGTCGGCCACATCCCACTC
CL2Contig650	137	19.4	2654	CCACATGCCCACACTCGAGTCGG
CL5Contig847	144	24.6	3549	CCACATCCCCACTCGAGTCGG
CL2Contig1511	133	18.5	2462	CCACATCCCAACCTCGAGTCGG
CL5Contig130	127	18.4	2341	CTCGAGTCGGCCACATGACGCC
CL2Contig119	130	22.7	2951	CTCGAGTCGGCCACATACGAACC
CL2Contig152	146	22.5	3282	ACCTCGAGTCGGCCACATCACTC
CL3Contig1069	138	20.6	2841	CCGACTCGAGGGGTCATGTGG
CL3Contig1570	129	33.3	4295	ATGTGGCCGACTCGAGGTAGCC
CL2Contig553	131	38.1	4985	CCTCGAGTCGGCCACATAAGCCAA
CL5Contig182	127	43.4	5507	CTCGAGTCGGCCACATCAACACC
CL5Contig514	127	24.3	3081	CTCGAGTCGGCCACATCCACAC
CL2Contig690	149	49.9	7438	CCACATCACCCCCTCGAGTCGG
CL2Contig46	146	23.6	3441	CCACATCCCACCCTCGAGTCGG
CL1Contig2497	144	21.6	3111	CCGACTCGAGGTGGAGCATGTGG
CL5Contig505	144	18.3	2634	GCTCGAGTCGGCCACATCGTACT
CL2Contig15	135	21.8	2947	CCCTCGAGTCGGCCACATTACCA
CL3Contig1222	143	22.8	3264	CCGACTCGAGGATTCGGCATGTGG
CL2Contig1170	141	19.7	2784	CCACATCAACACCTCGAGTCGG
CL13Contig5	149	125.9	18762	TCT
CL108Contig3	207	31.0	6427	AAC
CL5Contig188	129	27.9	3603	CTCGAGTCGGCCACATGCCCACC
CL1Contig1714	145	28.2	4088	CCGACTCGAGGTGGCATGTGG
CL3Contig789	148	36.1	5344	CCGACTCGAGTGGGTATGTGG
CL223Contig1	244	50.2	12249	TTTGCTCAATTG
CL2Contig1524	144	36.5	5262	CCACATACCACCCTCGAGTCGG
CL3Contig920	150	34.1	5121	CCGACTCGAGGGGTCATGTGG
CL2Contig987	135	21.7	2929	CACATCAACCCCTCGAGTCGGA
CL3Contig550	132	21.2	2794	GATGTGGCCGACTCGAGGCCCC
CL2Contig518	146	32.7	4776	CCACATACACCCCTCGAGTCGG
CL5Contig88	150	36.4	5455	CTCGAGTCGGCCACATACAAACA
CL2Contig1442	134	33.6	4498	CGCCCTCGAGTCGGCCACATA
CL41Contig3	507	44.3	22463	TGATTCCATTTCATTCCATTCGATGATGATTCCATTCGATTCCATTCGATGATGATTCCATTCAATTCCGTTCAGA
CL3Contig1147	151	27.3	4116	CCGACTCGAGGTGCGCATGTGG
CL5Contig844	134	24.6	3296	CTCGAGTCGGCCACATAACAAC
CL5Contig305	133	42.7	5678	CTCGAGTCGGCCACATCCCCCC
CL2Contig1544	151	33.8	5102	CCACATAAGCACCTCGAGTCGG
CL3Contig1206	136	26.1	3553	ATGTGGCCGACTCGAGCGACTC
CL3Contig1512	209	20.3	4238	CCGACTCGAGGTGGTTATGTGG
CL5Contig244	136	22.4	3047	CTCGAGTCGGCCACATAACCCAG
CL2Contig654	151	30.1	4540	GCCACATTCCCACTCGAGTCG
CL5Contig312	145	27.4	3970	CCACATCCCCCCTCGAGTCGG
CL2Contig1360	147	24.0	3528	CCTCGAGTCGGCCACATACCAG
CL2Contig408	146	21.0	3061	GCCACATCACAGCCTCGAGTCG
CL2Contig1886	140	20.2	2834	CCCTCGAGTCGGCCACATGACAC
CL5Contig685	141	18.5	2609	CTCGAGTCGGCCACATACCAAC
CL13Contig43	149	20.8	3094	TTC
CL2Contig90	157	25.1	3944	CTCGAGTCGGCCACATCTTCAAC
CL2Contig1859	146	28.8	4206	CCCCCTCGAGTCGGCCACATGC
CL5Contig454	146	50.8	7424	CCTCGAGTCGGCCACATAACCC
CL5Contig659	142	24.3	3451	CTCGAGTCGGCCACATATCCCATC
CL2Contig793	144	29.6	4263	CCTCGAGTCGGCCACATCCTAA
CL32Contig22	259	68.3	17700	GCCCCACAAATAACCCAGAGATGCATTTTAAACAAAAGCACACATTCTACTCATGTAAAAACACCAGGCAG
CL2Contig282	158	34.7	5478	GCCACATCCACCACTCGAGTCG
CL2Contig219	136	19.4	2633	CTCGAGTCGGCCACATCACTGT
CL2Contig825	145	29.7	4300	CCTCGAGTCGGCCACATAAAACG
CL2Contig1837	153	26.7	4081	CCTCGAGTCGGCCACATGCACCC
CL452Contig1	155	33.9	5258	GT
CL3Contig1222	143	22.8	3264	CATGTGGCCGACTCGAGCAAGG
CL2Contig88	145	18.5	2684	GCCACCTCGAGTCGGCCACATAA
CL540Contig2	183	19.0	3470	TTTTTTAATTATTTTTATCA
CL2Contig1700	149	18.8	2799	CTCGAGTCGGCCACATGACACA
CL4Contig407	149	24.0	3575	CTCGAGTCGGCCACATGAATCCA
CL2Contig498	148	25.8	3821	CTCGAGTCGGCCACATGATGCAA
CL2Contig1667	158	22.7	3580	CCACATCCCCCACTCGAGTCGG
CL4Contig476	144	20.3	2924	CCTCGAGTCGGCCACATACACTC
CL3Contig1612	169	19.0	3217	CCGACTCGAGATGGGAATGTGG
CL391Contig1	146	42.8	6249	CTAATATACACTG
CL2Contig1735	187	21.0	3936	CCACATCCCCAACTCGAGTCGG
CL3Contig474	158	18.3	2891	ATGTGGCCGACTCGAGAGCGCTA
CL2Contig1173	192	20.0	3847	CCACATCCTCACCCTCGAGTCGG
CL13Contig37	366	115.6	42321	GAA
CL853Contig1	152	25.7	3900	TG
CL2Contig579	169	27.6	4665	GCCACATGCACCCCTCGAGTCG
CL2Contig751	170	26.7	4532	CCACATCACCCCCTCGAGTCGG
CL2Contig940	155	38.3	5940	CCACATCCCACCCTCGAGTCGG
CL2Contig1333	144	19.1	2757	CTCGAGTCGGCCACATAAAACT
CL2Contig827	185	19.3	3579	GCCACATCCCAAGCTCGAGTCG
CL2Contig741	177	23.9	4232	GCCACATACCCACCTCGAGTCG
CL2Contig487	172	26.4	4539	CCACATCCAAACCTCGAGTCGG
CL2Contig1083	182	27.8	5054	CCACATAACAACCTCGAGTCGG
CL2Contig977	171	28.2	4822	CCACATACCCCACTCGAGTCGG
CL4Contig615	172	29.9	5136	CCACATGCACACCTCGAGTCGG
CL2Contig1512	172	24.2	4158	CCACATCCGCCCTCGAGTCGG
CL2Contig272	252	30.0	7564	CCACATCACACCCTCGAGTCGG
CL2Contig943	176	51.3	9028	GCCACATAACACCCTCGAGTCG
CL3Contig115	170	22.6	3846	CCGACTCGAGGGGGGCATGTGG
CL3Contig115	170	22.6	3846	CCGACTCGAGGAGGGTATGTGG
CL2Contig827	185	19.3	3579	CACATCCCAAGCTCGAGTCGGA
CL2Contig45	179	65.6	11734	CCACATCAACCCTCGAGTCGG
CL5Contig741	184	27.0	4974	CCACATCCAACCTCGAGTCGG
CL3Contig1492	176	43.4	7645	CCGACTCGAGGGGGCATGTGG
CL2Contig327	177	18.9	3347	GCCACATGCCCCCTCGAGTCG
CL1075Contig1	154	19.3	2976	AC
CL3Contig1541	163	22.4	3658	GATGTGGCCGACTCGAGTGTGAT
CL2Contig1119	180	36.5	6568	GCCACATCCACACCTCGAGTCG
CL2Contig1119	180	36.5	6568	GCCACATCCACACCTCGAGTCG
CL2Contig1038	178	47.1	8387	GCCACATACCCCACCTCGAGTCG
CL851Contig1	192	21.8	4180	TATTCC
CL975Contig1	164	20.9	3421	TTG
CL2Contig1127	178	19.9	3549	GCCACATGCGCCCTCTCGAGTCG
CL5Contig618	185	18.5	3426	CTCGAGTCGGCCACATCCCAAC
CL2Contig610	165	35.0	5776	CCTCGAGTCGGCCACATCCAACA
CL2Contig1659	177	35.1	6205	GCTCGAGTCGGCCACATACCACA
CL5Contig516	176	27.2	4781	CTCGAGTCGGCCACATCGCCCC
CL2Contig1694	172	28.9	4964	CCTCGAGTCGGCCACATACCAGC
CL2Contig1453	177	18.3	3234	CCTCGAGTCGGCCACATATCCCA
CL804Contig1	194	20.3	3946	GTT
CL2Contig977	171	28.2	4822	CTCGAGTCGGCCACATACCAAAC
CL2Contig983	179	25.6	4577	CCTCGAGTCGGCCACATGCAAA
CL2Contig778	173	30.2	5229	CTCGAGTCGGCCACATAATACC
CL2Contig234	182	24.1	4393	GCCACATCCCGCCCCTCGAGTCG
CL2Contig591	189	23.4	4424	CCACATCAAACCTCGAGTCGG
CL2Contig1038	178	47.1	8387	CTCGAGTCGGCCACATCAACAC
CL2Contig393	185	24.6	4551	CCACATGGCCACACTCGAGTCGG
CL2Contig707	191	22.6	4315	CCACATACTCCCCTCGAGTCGG
CL2Contig1656	172	25.6	4401	CCACATCAAACACTCGAGTCGG
CL13Contig65	187	146.1	27330	TCT
CL14Contig18	301	101.5	30544	GTTCCTTTGGTGGTGAGAGAAGTTGGGGTGAGAGAAGTTGGG
CL41Contig2	526	37.3	19634	GATTCCATTCGATAATGATTCCATTCGATTCCATTCGATGATTCCATTC
CL2Contig1157	181	26.8	4844	CCACATCCCAACCTCGAGTCGG
CL2Contig584	189	22.8	4313	CCACATCCGCACCTCGAGTCGG
CL2Contig1127	178	19.9	3549	CTCGAGTCGGCCACATACCACT
CL11Contig2	216	197.3	42626	ACCGCCACCCTCAGA
CL9Contig35	185	37.4	6915	GAA
CL396Contig1	204	35.9	7321	TTATTCTTCTTTTTC
CL2Contig1721	191	32.3	6164	GCCACATGCACCACCTCGAGTCG
CL1Contig1999	251	28.7	7206	CCGACTCGAGGGTGAATGTGG
CL2Contig234	182	24.1	4393	CCCTCGAGTCGGCCACATGGGC
CL14Contig18	301	101.5	30544	TTGGGGTGAGAGAAG
CL146Contig2	265	52.4	13874	GATTTAAATCACTAGTCAGTAAGACTT
CL1Contig935	233	21.4	4987	CTCGAGTCGGCCACATACGTCGC
CL1Contig935	233	21.4	4987	CTCGAGTCGGCCACATAGTTTG
CL2Contig1075	200	24.1	4824	CTCGAGTCGGCCACATCAACCC
CL4Contig833	254	24.8	6287	AGGTCCAGGGAATATCAGCTCATTGATTCTGCTTCATA
CL2Contig1056	204	28.3	5767	CCACATCGCCCAACTCGAGTCGG
CL2Contig393	185	24.6	4551	CTCGAGTCGGCCACATGAACAC
CL2Contig1357	196	18.4	3600	CCCTCGAGTCGGCCACATTCCT
CL2Contig1066	193	29.2	5631	CTCGAGTCGGCCACATACCAAA
CL2Contig906	190	24.3	4617	CTCGAGTCGGCCACATCCGCCA
CL2Contig401	202	26.2	5296	CTCTCGAGTCGGCCACATCAAA
CL41Contig2	526	37.3	19634	GATGATTCCATTCGATTCCATTC
CL2Contig19	194	39.7	7701	CTCGAGTCGGCCACATCACATCA
CL2Contig1552	201	23.2	4659	ACCTCGAGTCGGCCACATAAGT
CL148Contig4	239	28.5	6804	AAACTGCAACAACATACAAAG
CL2Contig352	197	21.7	4280	CTCGAGTCGGCCACATTAAGCAC
CL4Contig341	214	19.0	4066	CCACATCACAAACTCGAGTCGG
CL545Contig1	203	27.9	5661	CTGATAGTCTTATCCT
CL235Contig1	196	59.2	11603	GCCACATGATACACTCGAGTCG
CL2Contig429	227	18.6	4231	GCCACATCCAAACCTCGAGTCG
CL141Contig5	284	28.9	8213	AAAAATCCGATTTAAATCAA
CL309Contig1	299	29.8	8912	ACAATTCTCACATACACAGCTCCATAC
CL559Contig1	203	27.6	5608	GCCACATCTAACCACTCGAGTCG
CL371Contig1	210	37.6	7900	ATATTAGCAGTGT
CL88Contig1	352	67.5	23773	CCATATTTGTGTGTTCTG
CL41Contig2	526	37.3	19634	ATTCCATTCG
CL309Contig1	299	29.8	8912	ATACACAGCTCC
CL2Contig991	230	29.8	6848	CCTCGAGTCGGCCACATGCACCC
CL321Contig1	221	39.1	8650	AC
CL9Contig4	218	41.2	8987	AAC
CL15Contig6	226	76.5	17279	TCTATGAT
CL404Contig1	256	29.7	7611	GGCCACATACGACACTCGAGTC
CL111Contig1	240	81.4	19532	CCACATCTGGCCACTCGAGTCGG
CL9Contig37	250	42.1	10519	AAC
CL490Contig1	257	25.4	6526	CACATAATAACCTCGAGTCGGA
CL14Contig5	260	80.9	21045	ACCCCAACTTCTCTC
CL4Contig535	262	21.0	5499	CTCGAGTCGGCCACATAATAAA
CL4Contig200	263	23.1	6082	CTCGAGTCGGCCACATCCAACC
CL43Contig1	288	126.6	36469	TGAGGGTGGCGGTTC
CL132Contig1	291	58.1	16897	GCCACATACATAACCTCGAGTCG
CL124Contig1	303	56.9	17239	CCACATGCAAGCCTCGAGTCGG
CL67Contig1	304	93.7	28482	CCACATCGTCGGCCTCGAGTCGG
CL61Contig1	325	95.1	30894	CCACATGCGAACCTCGAGTCGG
CL122Contig2	379	43.9	16655	AATCAAAACATACAT
CL41Contig3	507	44.3	22463	TTCCATTCGATGATGA
CL41Contig3	507	44.3	22463	GATGATTCCATTCGATTCCAATCAATGATTATTGCATTCCAGTCCATTC
CL41Contig3	507	44.3	22463	ATTCCATTCCAGTCCATGGATT
CL27Contig1	719	101.0	72637	CCACATGAAATCAGCTCGAGTCGG
